Wejście,Nazwa w TERYT,Typ
Adamowo,Adamowo,
Aleksandrowiec,Aleksandrowiec,
Andrespol,Andrespol,
Andrychów,Andrychów,
Anusin,Anusin,
Arcugowo,Arcugowo,
Augustów,Augustów,
Awajki,Awajki,
Babice,Babice,
Babkowice,Babkowice,
Baborów,Baborów,
Bakałarzewo,Bakałarzewo,
Bąków,Bąków,
Bąkowo,Bąkowo,
Balice,Balice,
Bałtów,Bałtów,
Bałuty,Bałuty,
Banie,Banie,
Baniewice,Baniewice,
Banino,Banino,
Baniocha,Baniocha,
Bańska Niżna,Bańska Niżna,
Baranowo,Baranowo,
Barcin,Barcin,
Barcino,Barcino,
Barczewko,Barczewko,
Barczewo,Barczewo,
Bardo,Bardo,
Barlinek,Barlinek,
Bartąg,Bartąg,
Bartoszyce,Bartoszyce,
Barwice,Barwice,
Barwinek,Barwinek,
Barzkowice,Barzkowice,
Baszkówka,Baszkówka,
Batorowo,Batorowo,
Batowo,Batowo,
Bażyny,Bażyny,
Będzienica,Będzienica,
Będzimierz,Będzimierz,
Będzin,Będzin,
Będzino,Będzino,
Bełchatów,Bełchatów,
Belsk Duży,Belsk Duży,
Bemowo,Bemowo,
Bemowo Piskie,Bemowo Piskie,
Bezek,Bezek,
Bezrzecze,Bezrzecze,
Biadki,Biadki,
Biała,Biała,
Biała Piska,Biała Piska,
Biała Podlaska,Biała Podlaska,
Biała Rawska,Biała Rawska,
Biała Woda,Biała Woda,
Białawy Małe,Białawy Małe,
Białcz,Białcz,
Białe Błota,Białe Błota,
Białka Tatrzańska,Białka Tatrzańska,
Białochowo,Białochowo,
Białogard,Białogard,
Białołęka,Białołęka,
Białopole,Białopole,
Białostoczek,Białostoczek,
Białowąs,Białowąs,
Białowieża,Białowieża,
Biały Bór,Biały Bór,
Biały Kościół,Biały Kościół,
Białystok,Białystok,
Bibice,Bibice,
Biedrusko,Biedrusko,
Biedrzychowice,Biedrzychowice,
Bieganów,Bieganów,
Bieganowo,Bieganowo,
Bielany,Bielany,
Bielany Wrocławskie,Bielany Wrocławskie,
Bielawa,Bielawa,
Bielikowo,Bielikowo,
Bielsko,Bielsko,
Bielsko-Biała,Bielsko-Biała,
Bielsk Podlaski,Bielsk Podlaski,
Bieńczyce,Bieńczyce,
Bieruń,Bieruń,
Bierutów,Bierutów,
Bierzwnik,Bierzwnik,
Biesal,Biesal,
Biesiekierz,Biesiekierz,
Biesowice,Biesowice,
Bilcza,Bilcza,
Biłgoraj,Biłgoraj,
Bińcze,Bińcze,
Biskupice,Biskupice,
Biskupiec,Biskupiec,
Bisztynek,Bisztynek,
Blachownia,Blachownia,
Bładnice Dolne,Bładnice Dolne,
Błąkały,Błąkały,
Błażejewo,Błażejewo,
Bledzew,Bledzew,
Błonie,Błonie,
Błotnica,Błotnica,
Bobolice,Bobolice,
Bobra Wielka,Bobra Wielka,
Bobrowniki,Bobrowniki,
Bobrowo,Bobrowo,
Bochnia,Bochnia,
Bocianowo,Bocianowo,
Boczów,Boczów,
Bogatynia,Bogatynia,
Bogdanowo,Bogdanowo,
Boguchwała,Boguchwała,
Bogumiłów,Bogumiłów,
Boguszów-Gorce,Boguszów-Gorce,
Boguszyce,Boguszyce,
Bojadła,Bojadła,
Bojano,Bojano,
Bojanowo,Bojanowo,
Bolechowo,Bolechowo,
Bolesławiec,Bolesławiec,
Bolesławów,Bolesławów,
Bolesławowo,Bolesławowo,
Bolków,Bolków,
Bolszewo,Bolszewo,
Bondary,Bondary,
Bonin,Bonin,
Borki,Borki,
Borkowo,Borkowo,
Borne Sulinowo,Borne Sulinowo,
Borów,Borów,
Borówiec,Borówiec,
Borzechowo,Borzechowo,
Borzęcin Duży,Borzęcin Duży,
Borzymy,Borzymy,
Boszkowo,Boszkowo,
Boszkowo-Letnisko,Boszkowo-Letnisko,
Boże,Boże,
Bożepole Małe,Bożepole Małe,
Bożepole Wielkie,Bożepole Wielkie,
Bożnów,Bożnów,
Branice,Branice,
Braniewo,Braniewo,
Brańsk,Brańsk,
Brenna,Brenna,
Brenno,Brenno,
Brodnica,Brodnica,
Broniewice,Broniewice,
Bronisławki,Bronisławki,
Bronów,Bronów,
Bronowice,Bronowice,
Brudzyń,Brudzyń,
Brwinów,Brwinów,
Brzeg,Brzeg,
Brzeg Dolny,Brzeg Dolny,
Brześć Kujawski,Brześć Kujawski,
Brzeski,Brzeski,
Brzesko,Brzesko,
Brzeszcze,Brzeszcze,
Brzeszczyny,Brzeszczyny,
Brzeżany,Brzeżany,
Brzezie,Brzezie,
Brzezina,Brzezina,
Brzezina Sułowska,Brzezina Sułowska,
Brzeziny,Brzeziny,
Brzezna,Brzezna,
Brzeźnica,Brzeźnica,
Brzeźno Szlacheckie,Brzeźno Szlacheckie,
Brzostów,Brzostów,
Brzoza,Brzoza,
Brzozów,Brzozów,
Brzozowa,Brzozowa,
Brzozówka,Brzozówka,
Brzozowo,Brzozowo,
Buczyna,Buczyna,
Budowo,Budowo,
Budziszów Wielki,Budziszów Wielki,
Budzyń,Budzyń,
Buk,Buk,
Bukowice,Bukowice,
Bukowie,Bukowie,
Bukowina Tatrzańska,Bukowina Tatrzańska,
Bukówko,Bukówko,
Bukowno,Bukowno,
Burkatów,Burkatów,
Busko-Zdrój,Busko-Zdrój,
Buszkowy,Buszkowy,
Byczyna,Byczyna,
Bydgoszcz,Bydgoszcz,
Bynowo,Bynowo,
Bysław,Bysław,
Bystra,Bystra,
Bystrzyca,Bystrzyca,
Bystrzyca Kłodzka,Bystrzyca Kłodzka,
Byszkowo,Byszkowo,
Bytnica,Bytnica,
Bytom,Bytom,
Bytom Odrzański,Bytom Odrzański,
Bytów,Bytów,
Cedry Małe,Cedry Małe,
Cedry Wielkie,Cedry Wielkie,
Cedzyna,Cedzyna,
Cegielnia,Cegielnia,
Cekcynek,Cekcynek,
Centrum,Centrum,
Cepno,Cepno,
Cerekwica,Cerekwica,
Cerkwica,Cerkwica,
Cewice,Cewice,
Chałupy,Chałupy,
Charzykowy,Charzykowy,
Chęciny,Chęciny,
Chełm,Chełm,
Chełmek,Chełmek,
Chełmica-Cukrownia,Chełmica-Cukrownia,
Chełmica Duża,Chełmica Duża,
Chełmiczki,Chełmiczki,
Chełmiec,Chełmiec,
Chełmno,Chełmno,
Chełmsko Śląskie,Chełmsko Śląskie,
Chełm Śląski,Chełm Śląski,
Chełmża,Chełmża,
Chłapowo,Chłapowo,
Chlebowo,Chlebowo,
Chłopy,Chłopy,
Chmielna,Chmielna,
Chmielnik,Chmielnik,
Chobot,Chobot,
Choceń,Choceń,
Chocianów,Chocianów,
Chociule,Chociule,
Chociwel,Chociwel,
Choczewo,Choczewo,
Chodów,Chodów,
Chodzież,Chodzież,
Chojęcin,Chojęcin,
Chojęcin-Szum,Chojęcin-Szum,
Chojna,Chojna,
Chojniak,Chojniak,
Chojnice,Chojnice,
Chojnów,Chojnów,
Cholerzyn,Cholerzyn,
Chomęcice,Chomęcice,
Chomętowo,Chomętowo,
Chorągwica,Chorągwica,
Choroszcz,Choroszcz,
Choryń,Choryń,
Chorzów,Chorzów,
Choszczno,Choszczno,
Chróścina,Chróścina,
Chrzanów,Chrzanów,
Chrząstowo,Chrząstowo,
Chwaszczyno,Chwaszczyno,
Chybie,Chybie,
Chyby,Chyby,
Chylice,Chylice,
Cianowice,Cianowice,
Cibórz,Cibórz,
Cicha,Cicha,
Ciche,Ciche,
Cichy,Cichy,
Ciechanów,Ciechanów,
Ciechocinek,Ciechocinek,
Ciechów,Ciechów,
Cielmów,Cielmów,
Ciemino,Ciemino,
Ciemne,Ciemne,
Cienin Zaborny,Cienin Zaborny,
Cieplewo,Cieplewo,
Cieślin,Cieślin,
Cieszków,Cieszków,
Cieszkowice,Cieszkowice,
Cieszymowo,Cieszymowo,
Cieszyn,Cieszyn,
Cieszyno,Cieszyno,
Cisy,Cisy,
Cudzynowice,Cudzynowice,
Ćwiklice,Ćwiklice,
Cybinka,Cybinka,
Cypriany,Cypriany,
Czacz,Czacz,
Czaple,Czaple,
Czaplinek,Czaplinek,
Czapury,Czapury,
Czarna,Czarna,
Czarna Białostocka,Czarna Białostocka,
Czarna Dąbrówka,Czarna Dąbrówka,
Czarna Woda,Czarna Woda,
Czarne,Czarne,
Czarnków,Czarnków,
Czarnochowice,Czarnochowice,
Czarnów,Czarnów,
Czarnowo,Czarnowo,
Czarny Bór,Czarny Bór,
Czarny Dunajec,Czarny Dunajec,
Czartajew,Czartajew,
Czchów,Czchów,
Czechowice-Dziedzice,Czechowice-Dziedzice,
Czekanowo,Czekanowo,
Czeladź,Czeladź,
Czempiń,Czempiń,
Czerlejno,Czerlejno,
Czerlonka,Czerlonka,
Czermin,Czermin,
Czernica,Czernica,
Czernichów,Czernichów,
Czerniejewo,Czerniejewo,
Czernikowo,Czernikowo,
Czernin,Czernin,
Czersk,Czersk,
Czerwieńsk,Czerwieńsk,
Czerwionka-Leszczyny,Czerwionka-Leszczyny,
Czerwonka,Czerwonka,
Częstochowa,Częstochowa,
Częstocice,Częstocice,
Człopa,Człopa,
Człuchów,Człuchów,
Czmoń,Czmoń,
Czorsztyn,Czorsztyn,
Czosnów,Czosnów,
Czyże,Czyże,
Czyżowice,Czyżowice,
Czyżyny,Czyżyny,
Dąbie,Dąbie,
Dąbie Kujawskie,Dąbie Kujawskie,
Dąbki,Dąbki,
Dąbrowa,Dąbrowa,
Dąbrowa Białostocka,Dąbrowa Białostocka,
Dąbrowa Górnicza,Dąbrowa Górnicza,
Dąbrowa Rzeczycka,Dąbrowa Rzeczycka,
Dąbrowa Szlachecka,Dąbrowa Szlachecka,
Dąbrowa Tarnowska,Dąbrowa Tarnowska,
Dąbrowica,Dąbrowica,
Dąbrówka,Dąbrówka,
Dąbrówno,Dąbrówno,
Dachowa,Dachowa,
Dadaj,Dadaj,
Damasławek,Damasławek,
Damnica,Damnica,
Danielowice,Danielowice,
Dargoszewo,Dargoszewo,
Darłowo,Darłowo,
Darż,Darż,
Daszewice,Daszewice,
Daszówka,Daszówka,
Daszyna,Daszyna,
Dawidy,Dawidy,
Dawidy Bankowe,Dawidy Bankowe,
Dębica,Dębica,
Dębice,Dębice,
Dębieniec,Dębieniec,
Dębina,Dębina,
Dębki,Dębki,
Dęblin,Dęblin,
Dębnica Kaszubska,Dębnica Kaszubska,
Dębniki,Dębniki,
Dębno,Dębno,
Dębogórze,Dębogórze,
Dębowo,Dębowo,
Debrzno,Debrzno,
Delastowice,Delastowice,
Demlin,Demlin,
Deszczno,Deszczno,
Długa,Długa,
Długa Goślina,Długa Goślina,
Długa Kościelna,Długa Kościelna,
Długie Stare,Długie Stare,
Długołęka,Długołęka,
Długopole-Zdrój,Długopole-Zdrój,
Dłutów,Dłutów,
Dobczyce,Dobczyce,
Dobiegniew,Dobiegniew,
Dobieszewo,Dobieszewo,
Dobieszowice,Dobieszowice,
Dobra,Dobra,
Dobrcz,Dobrcz,
Dobre,Dobre,
Dobre Miasto,Dobre Miasto,
Dobroszyce,Dobroszyce,
Dobryszyce,Dobryszyce,
Dobrzany,Dobrzany,
Dobrzenice,Dobrzenice,
Dobrzeń Wielki,Dobrzeń Wielki,
Dobrzyca,Dobrzyca,
Dobrzykowice,Dobrzykowice,
Dobrzyniówka,Dobrzyniówka,
Dobrzyń nad Wisłą,Dobrzyń nad Wisłą,
Dołhobyczów,Dołhobyczów,
Dolice,Dolice,
Dolsk,Dolsk,
Dołuje,Dołuje,
Domanice,Domanice,
Domaszczyn,Domaszczyn,
Domaszowice,Domaszowice,
Dominów,Dominów,
Dominowo,Dominowo,
Domisław,Domisław,
Dopiewiec,Dopiewiec,
Dopiewo,Dopiewo,
Dragacz,Dragacz,
Drawiny,Drawiny,
Drawno,Drawno,
Drawsko Pomorskie,Drawsko Pomorskie,
Drewno,Drewno,
Drezdenko,Drezdenko,
Drobin,Drobin,
Drozdowo,Drozdowo,
Drzązgowo,Drzązgowo,
Drzewce,Drzewce,
Duchnice,Duchnice,
Dulsk,Dulsk,
Duninowo,Duninowo,
Dunowo,Dunowo,
Duszniki-Zdrój,Duszniki-Zdrój,
Dwikozy,Dwikozy,
Dworek,Dworek,
Dygowo,Dygowo,
Dyminek,Dyminek,
Dynów,Dynów,
Dywity,Dywity,
Działdowo,Działdowo,
Działoszyce,Działoszyce,
Działoszyn,Działoszyn,
Dziekanów Leśny,Dziekanów Leśny,
Dziekanów Polski,Dziekanów Polski,
Dziepółć,Dziepółć,
Dzierzążenko,Dzierzążenko,
Dzierżążno,Dzierżążno,
Dzierzbice,Dzierzbice,
Dzierzgoń,Dzierzgoń,
Dzierżoniów,Dzierżoniów,
Dziwiszów,Dziwiszów,
Dziwnów,Dziwnów,
Dziwnówek,Dziwnówek,
Dźwierzno,Dźwierzno,
Dźwierzuty,Dźwierzuty,
Dźwirzyno,Dźwirzyno,
Dzwonowo,Dzwonowo,
Elbląg,Elbląg,
Ełganowo,Ełganowo,
Ełk,Ełk,
Fabianki,Fabianki,
Fabryczna,Fabryczna,
Falenty,Falenty,
Falenty Duże,Falenty Duże,
Falenty Nowe,Falenty Nowe,
Falknowo,Falknowo,
Fałkowo,Fałkowo,
Francuska,Francuska,
Frednowy,Frednowy,
Frombork,Frombork,
Frysztak,Frysztak,
Gąbin,Gąbin,
Gacki,Gacki,
Gądki,Gądki,
Gądów,Gądów,
Gaj,Gaj,
Gajewko,Gajewko,
Gajewo,Gajewo,
Gajków,Gajków,
Gaj Wielki,Gaj Wielki,
Gałęzice,Gałęzice,
Garbów,Garbów,
Garby,Garby,
Gardeja,Gardeja,
Gardno,Gardno,
Garwolin,Garwolin,
Gąsawa,Gąsawa,
Gąsawy,Gąsawy,
Gąski,Gąski,
Gaworzyce,Gaworzyce,
Gdańsk,Gdańsk,
Gdów,Gdów,
Gdynia,Gdynia,
Gęsia,Gęsia,
Giżyce,Giżyce,
Giżycko,Giżycko,
Glincz,Glincz,
Glinojeck,Glinojeck,
Gliwice,Gliwice,
Głodowo,Głodowo,
Głogów,Głogów,
Głogówek,Głogówek,
Głogów Małopolski,Głogów Małopolski,
Głogowo,Głogowo,
Głosków,Głosków,
Główczyce,Główczyce,
Głowno,Głowno,
Głubczyce,Głubczyce,
Głuchołazy,Głuchołazy,
Głuszyca,Głuszyca,
Głuszyca Górna,Głuszyca Górna,
Głuszyno,Głuszyno,
Gniechowice,Gniechowice,
Gniew,Gniew,
Gniewino,Gniewino,
Gniewkowo,Gniewkowo,
Gniezno,Gniezno,
Gnojno,Gnojno,
Goczałków,Goczałków,
Goczałkowice-Zdrój,Goczałkowice-Zdrój,
Gogolewo,Gogolewo,
Gogolin,Gogolin,
Gola,Gola,
Gołańcz,Gołańcz,
Gołaszyn,Gołaszyn,
Golczewo,Golczewo,
Gołdap,Gołdap,
Golenice,Golenice,
Goleniów,Goleniów,
Golub-Dobrzyń,Golub-Dobrzyń,
Góra,Góra,
Góra Kalwaria,Góra Kalwaria,
Góra Motyczna,Góra Motyczna,
Góra Ropczycka,Góra Ropczycka,
Góraszka,Góraszka,
Górażdże,Górażdże,
Górki,Górki,
Górki-Izabelin,Górki-Izabelin,
Górki Noteckie,Górki Noteckie,
Gorlice,Gorlice,
Górna,Górna,
Górno,Górno,
Górowo Iławeckie,Górowo Iławeckie,
Gorzanów,Gorzanów,
Górzec,Górzec,
Gorzkowice,Gorzkowice,
Gorzków-Osada,Gorzków-Osada,
Gorzów Wielkopolski,Gorzów Wielkopolski,
Gorzyce,Gorzyce,
Górzyn,Górzyn,
Gościcino,Gościcino,
Gościno,Gościno,
Gościszewo,Gościszewo,
Gostkowo,Gostkowo,
Gostycyn,Gostycyn,
Gostyń,Gostyń,
Gostynin,Gostynin,
Goszczyno,Goszczyno,
Goszyn,Goszyn,
Gowarzewo,Gowarzewo,
Gózd,Gózd,
Gozdnica,Gozdnica,
Grabianowo,Grabianowo,
Grabiny-Zameczek,Grabiny-Zameczek,
Grabowiec,Grabowiec,
Grabówka,Grabówka,
Grabowo Kościerskie,Grabowo Kościerskie,
Grabowo Królewskie,Grabowo Królewskie,
Grądy-Woniecko,Grądy-Woniecko,
Grajewo,Grajewo,
Granowo,Granowo,
Grąsino,Grąsino,
Grębocice,Grębocice,
Groblice,Groblice,
Grochowa,Grochowa,
Gródek,Gródek,
Grodków,Grodków,
Grodkowice,Grodkowice,
Grodzisk Mazowiecki,Grodzisk Mazowiecki,
Grodzisk Wielkopolski,Grodzisk Wielkopolski,
Grójec,Grójec,
Gronów,Gronów,
Gronowo Elbląskie,Gronowo Elbląskie,
Grotniki,Grotniki,
Grudziądz,Grudziądz,
Grupa,Grupa,
Gruszczyn,Gruszczyn,
Grybów,Grybów,
Gryfice,Gryfice,
Gryfino,Gryfino,
Gryfów Śląski,Gryfów Śląski,
Gryźliny,Gryźliny,
Grzędy,Grzędy,
Grzegorzowice Wielkie,Grzegorzowice Wielkie,
Grzmiąca,Grzmiąca,
Grzybno,Grzybno,
Grzybowo,Grzybowo,
Gubin,Gubin,
Gudowo,Gudowo,
Gułtowy,Gułtowy,
Gumniska,Gumniska,
Gurcz,Gurcz,
Gurówko,Gurówko,
Gutowo Małe,Gutowo Małe,
Gwiazdowo,Gwiazdowo,
Gwieździn,Gwieździn,
Gwiździny,Gwiździny,
Hajnówka,Hajnówka,
Hanna,Hanna,
Hanulin,Hanulin,
Hel,Hel,
Henryków,Henryków,
Henrykowo,Henrykowo,
Herby,Herby,
Holeszów,Holeszów,
Horodniany,Horodniany,
Horyniec-Zdrój,Horyniec-Zdrój,
Hrubieszów,Hrubieszów,
Ignatki,Ignatki,
Iława,Iława,
Iłowa,Iłowa,
Iłówiec,Iłówiec,
Inowrocław,Inowrocław,
Ińsko,Ińsko,
Istebna,Istebna,
Iwaniska,Iwaniska,
Iwiny,Iwiny,
Izabelin-Dziekanówek,Izabelin-Dziekanówek,
Izbicko,Izbicko,
Jabłkowo,Jabłkowo,
Jabłoniec,Jabłoniec,
Jabłonka,Jabłonka,
Jabłonna,Jabłonna,
Jabłowo,Jabłowo,
Jajkowo,Jajkowo,
Jaksice,Jaksice,
Jaksonów,Jaksonów,
Janczewice,Janczewice,
Janczewo,Janczewo,
Janikowo,Janikowo,
Janiszewo,Janiszewo,
Janki,Janki,
Jankowa Żagańska,Jankowa Żagańska,
Jankowice,Jankowice,
Jankowice Wielkie,Jankowice Wielkie,
Jankowo,Jankowo,
Jankowo Gdańskie,Jankowo Gdańskie,
Janów,Janów,
Janówek,Janówek,
Janowice,Janowice,
Janowice Wielkie,Janowice Wielkie,
Janowiec Wielkopolski,Janowiec Wielkopolski,
Janowo,Janowo,
Jantar,Jantar,
Jaraczewo,Jaraczewo,
Jarocin,Jarocin,
Jarominy,Jarominy,
Jarosław,Jarosław,
Jaroszowiec,Jaroszowiec,
Jaroszówka,Jaroszówka,
Jaroty,Jaroty,
Jasień,Jasień,
Jasin,Jasin,
Jasionka,Jasionka,
Jaśkowo,Jaśkowo,
Jasło,Jasło,
Jasna,Jasna,
Jasna Góra,Jasna Góra,
Jastarnia,Jastarnia,
Jastków,Jastków,
Jastrowie,Jastrowie,
Jastrowo,Jastrowo,
Jastrzębia Góra,Jastrzębia Góra,
Jastrzębie,Jastrzębie,
Jastrzębie-Zdrój,Jastrzębie-Zdrój,
Jawiszowice,Jawiszowice,
Jawor,Jawor,
Jaworki,Jaworki,
Jaworowo,Jaworowo,
Jaworze,Jaworze,
Jaworzno,Jaworzno,
Jaworzyna Śląska,Jaworzyna Śląska,
Jęczniki Małe,Jęczniki Małe,
Jedlina-Zdrój,Jedlina-Zdrój,
Jędrzejów,Jędrzejów,
Jedwabno,Jedwabno,
Jejkowice,Jejkowice,
Jelcz-Laskowice,Jelcz-Laskowice,
Jeleń,Jeleń,
Jelenia Góra,Jelenia Góra,
Jelenino,Jelenino,
Jełowa,Jełowa,
Jenin,Jenin,
Jeniniec,Jeniniec,
Jerzmanice-Zdrój,Jerzmanice-Zdrój,
Jerzykowo,Jerzykowo,
Jesionowo,Jesionowo,
Jeszkotle,Jeszkotle,
Jeżewo,Jeżewo,
Jezierzyce,Jezierzyce,
Jeziorany,Jeziorany,
Jeziory Wielkie,Jeziory Wielkie,
Jeżów Sudecki,Jeżów Sudecki,
Jeżyce,Jeżyce,
Jonkowo,Jonkowo,
Jora Wielka,Jora Wielka,
Józefinowo,Józefinowo,
Józefosław,Józefosław,
Józefów,Józefów,
Julianów,Julianów,
Junoszyno,Junoszyno,
Jurata,Jurata,
Jurczyce,Jurczyce,
Justynów,Justynów,
Juszkowo,Juszkowo,
Kacwin,Kacwin,
Kaczory,Kaczory,
Kaczyce,Kaczyce,
Kaczynos,Kaczynos,
Kadyny,Kadyny,
Kajkowo,Kajkowo,
Kąkolewice,Kąkolewice,
Kąkolewo,Kąkolewo,
Kalinowo,Kalinowo,
Kalinowszczyzna,Kalinowszczyzna,
Kaliska,Kaliska,
Kalisz,Kalisz,
Kalisz Pomorski,Kalisz Pomorski,
Kałki,Kałki,
Kalna,Kalna,
Kalsk,Kalsk,
Kamień,Kamień,
Kamienica,Kamienica,
Kamieniec,Kamieniec,
Kamieniec Wrocławski,Kamieniec Wrocławski,
Kamieniec Ząbkowicki,Kamieniec Ząbkowicki,
Kamień Krajeński,Kamień Krajeński,
Kamienna,Kamienna,
Kamienna Góra,Kamienna Góra,
Kamień Pomorski,Kamień Pomorski,
Kamieńsk,Kamieńsk,
Kamień Wielki,Kamień Wielki,
Kamierowskie Piece,Kamierowskie Piece,
Kamionka,Kamionka,
Kamionna,Kamionna,
Kamnica,Kamnica,
Kaniów,Kaniów,
Kapelanka,Kapelanka,
Kąpino,Kąpino,
Kaputy,Kaputy,
Karbowo,Karbowo,
Karczew,Karczew,
Karczmiska Pierwsze,Karczmiska Pierwsze,
Karczów,Karczów,
Karczyn,Karczyn,
Kargowa,Kargowa,
Karlino,Karlino,
Karłowice,Karłowice,
Karnice,Karnice,
Karniowice,Karniowice,
Karnity,Karnity,
Karnków,Karnków,
Karolewo,Karolewo,
Karpacz,Karpacz,
Karpicko,Karpicko,
Karpniki,Karpniki,
Kartuzy,Kartuzy,
Karwia,Karwia,
Karzniczka,Karzniczka,
Katowice,Katowice,
Kąty,Kąty,
Kąty Rybackie,Kąty Rybackie,
Kąty Wrocławskie,Kąty Wrocławskie,
Kazimierza Wielka,Kazimierza Wielka,
Kazimierz Biskupi,Kazimierz Biskupi,
Kazimierz Dolny,Kazimierz Dolny,
Kaźmierz,Kaźmierz,
Kazuń Nowy,Kazuń Nowy,
Kcynia,Kcynia,
Kędzierzyn-Koźle,Kędzierzyn-Koźle,
Kępice,Kępice,
Kępnica,Kępnica,
Kępno,Kępno,
Kęsowo,Kęsowo,
Kęszyca Leśna,Kęszyca Leśna,
Kętrzyn,Kętrzyn,
Kęty,Kęty,
Kielanówka,Kielanówka,
Kielce,Kielce,
Kiełczów,Kiełczów,
Kiełczówek,Kiełczówek,
Kielno,Kielno,
Kiełpino,Kiełpino,
Kiełpin Poduchowny,Kiełpin Poduchowny,
Kiełpiny,Kiełpiny,
Kierzno,Kierzno,
Kietrz,Kietrz,
Kieźliny,Kieźliny,
Kijany,Kijany,
Kiszkowo,Kiszkowo,
Kłaj,Kłaj,
Kłecko,Kłecko,
Kleczew,Kleczew,
Klejniki,Klejniki,
Kleosin,Kleosin,
Klepacze,Klepacze,
Klesno,Klesno,
Kleszczele,Kleszczele,
Kleszczewo,Kleszczewo,
Kleszczewo Kościerskie,Kleszczewo Kościerskie,
Klimkówka,Klimkówka,
Kliniska Wielkie,Kliniska Wielkie,
Kliny,Kliny,
Kłobuck,Kłobuck,
Kłoda,Kłoda,
Kłodawa,Kłodawa,
Kłodzino,Kłodzino,
Kłodzko,Kłodzko,
Klonowa,Klonowa,
Kłos,Kłos,
Kluczbork,Kluczbork,
Kluczewo,Kluczewo,
Kluszkowce,Kluszkowce,
Kmiecin,Kmiecin,
Kniewo,Kniewo,
Knurów,Knurów,
Kobierzyce,Kobierzyce,
Kobyla Góra,Kobyla Góra,
Kobyłka,Kobyłka,
Kobylnica,Kobylnica,
Kobylniki,Kobylniki,
Kochcice,Kochcice,
Kocierz Rychwałdzki,Kocierz Rychwałdzki,
Kocmyrzów,Kocmyrzów,
Kołacz,Kołacz,
Kołaczkowo,Kołaczkowo,
Kołatek,Kołatek,
Kołbaskowo,Kołbaskowo,
Kolbudy,Kolbudy,
Kolbuszowa,Kolbuszowa,
Kołczygłowy,Kołczygłowy,
Kolejowa,Kolejowa,
Kołki,Kołki,
Kolno,Kolno,
Koło,Koło,
Kołobrzeg,Kołobrzeg,
Kołpaki,Kołpaki,
Kołuda Wielka,Kołuda Wielka,
Komańcza,Komańcza,
Komarowo,Komarowo,
Komorniki,Komorniki,
Komorów,Komorów,
Komorowice,Komorowice,
Komorowo,Komorowo,
Komorowo Żuławskie,Komorowo Żuławskie,
Komratowo,Komratowo,
Konarskie,Konarskie,
Konary,Konary,
Kończyce Małe,Kończyce Małe,
Koniecpol,Koniecpol,
Konin,Konin,
Koninko,Koninko,
Konopki Wielkie,Konopki Wielkie,
Konopnica,Konopnica,
Konradów,Konradów,
Końskie,Końskie,
Konstancin-Jeziorna,Konstancin-Jeziorna,
Konstantynów,Konstantynów,
Konstantynów Łódzki,Konstantynów Łódzki,
Kopaczów,Kopaczów,
Kopanica,Kopanica,
Korfantów,Korfantów,
Kórnik,Kórnik,
Koronowo,Koronowo,
Korsze,Korsze,
Korzybie,Korzybie,
Kosakowo,Kosakowo,
Kościan,Kościan,
Kościelec,Kościelec,
Kościelisko,Kościelisko,
Kościelna Wieś,Kościelna Wieś,
Kościernica,Kościernica,
Kościerzyna,Kościerzyna,
Kościeszki,Kościeszki,
Kościuszki,Kościuszki,
Kosierz,Kosierz,
Kosin,Kosin,
Kostomłoty,Kostomłoty,
Kostomłoty Pierwsze,Kostomłoty Pierwsze,
Kostrzyn,Kostrzyn,
Kostrzyn nad Odrą,Kostrzyn nad Odrą,
Koszalin,Koszalin,
Koszęcin,Koszęcin,
Koszwały,Koszwały,
Koszyce Małe,Koszyce Małe,
Koszyce Wielkie,Koszyce Wielkie,
Kotla,Kotla,
Kowal,Kowal,
Kowale,Kowale,
Kowale Oleckie,Kowale Oleckie,
Kowalewo Pomorskie,Kowalewo Pomorskie,
Kowalów,Kowalów,
Kowalowa,Kowalowa,
Kowanówko,Kowanówko,
Kowary,Kowary,
Koziegłowy,Koziegłowy,
Kozielice,Kozielice,
Kozienice,Kozienice,
Koźliny,Koźliny,
Koźmin Wielkopolski,Koźmin Wielkopolski,
Kożuchów,Kożuchów,
Kożuchy,Kożuchy,
Kozy,Kozy,
Kraczki,Kraczki,
Krajenka,Krajenka,
Kraków,Kraków,
Krakowiany,Krakowiany,
Kraków-Podgórze,Kraków-Podgórze,
Krakowska,Krakowska,
Kramarzewo,Kramarzewo,
Krąpiel,Krąpiel,
Krapkowice,Krapkowice,
Krąplewo,Krąplewo,
Krasne,Krasne,
Kraśnica,Kraśnica,
Kraśnik,Kraśnik,
Kraśnik Dolny,Kraśnik Dolny,
Krasnystaw,Krasnystaw,
Kraszewo,Kraszewo,
Kraszowice,Kraszowice,
Krawiecka,Krawiecka,
Krążkowy,Krążkowy,
Kręczki,Kręczki,
Krępsko,Krępsko,
Krobielewko,Krobielewko,
Krokowa,Krokowa,
Królewiec,Królewiec,
Kromnów,Kromnów,
Krosino,Krosino,
Krośnice,Krośnice,
Krośniewice,Krośniewice,
Krosno,Krosno,
Krosno Odrzańskie,Krosno Odrzańskie,
Krosnowice,Krosnowice,
Krotoszyn,Krotoszyn,
Krowodrza,Krowodrza,
Krupski Młyn,Krupski Młyn,
Kruszewnia,Kruszewnia,
Kruszwica,Kruszwica,
Kruszyn,Kruszyn,
Krynica Morska,Krynica Morska,
Krynica-Zdrój,Krynica-Zdrój,
Krynki,Krynki,
Krzeczyn,Krzeczyn,
Krzeczyn Mały,Krzeczyn Mały,
Krzemieniewo,Krzemieniewo,
Krzepice,Krzepice,
Krzeptów,Krzeptów,
Krzeszowice,Krzeszowice,
Krzydlina Mała,Krzydlina Mała,
Krzyki,Krzyki,
Krzyska,Krzyska,
Krzyszkowice,Krzyszkowice,
Krzyszkowo,Krzyszkowo,
Krzywda,Krzywda,
Krzywiń,Krzywiń,
Krzyżanów,Krzyżanów,
Krzyżanowice,Krzyżanowice,
Krzyż Wielkopolski,Krzyż Wielkopolski,
Ksawerów,Ksawerów,
Książ Wielkopolski,Książ Wielkopolski,
Kudowa-Zdrój,Kudowa-Zdrój,
Kujan,Kujan,
Kuleje,Kuleje,
Kulin,Kulin,
Kunice,Kunice,
Kunowice,Kunowice,
Kurnatowice,Kurnatowice,
Kurowice Kościelne,Kurowice Kościelne,
Kurza Góra,Kurza Góra,
Kurzętnik,Kurzętnik,
Kusice,Kusice,
Kusowo,Kusowo,
Kutno,Kutno,
Kuźnia Raciborska,Kuźnia Raciborska,
Kuźnica Czeszycka,Kuźnica Czeszycka,
Kwasów,Kwasów,
Kwidzyn,Kwidzyn,
Kwilcz,Kwilcz,
Łabiszyn,Łabiszyn,
Lachmirowice,Lachmirowice,
Łąck,Łąck,
Łącznik,Łącznik,
Lądek-Zdrój,Lądek-Zdrój,
Ładna,Ładna,
Łagiewniki,Łagiewniki,
Łagiszyn,Łagiszyn,
Łagoszów Mały,Łagoszów Mały,
Łagoszów Wielki,Łagoszów Wielki,
Łagów,Łagów,
Łąka,Łąka,
Łambinowice,Łambinowice,
Łańcut,Łańcut,
Łapy,Łapy,
Łasin,Łasin,
Łask,Łask,
Laski Koszalińskie,Laski Koszalińskie,
Laskowice,Laskowice,
Łąsko Wielkie,Łąsko Wielkie,
Lasowice Małe,Lasowice Małe,
Laszczki,Laszczki,
Latchorzew,Latchorzew,
Ławica,Ławica,
Ławice,Ławice,
Łaz,Łaz,
Łażany,Łażany,
Łaziska,Łaziska,
Łaziska Górne,Łaziska Górne,
Łazy,Łazy,
Łazy Wielkie,Łazy Wielkie,
Łeba,Łeba,
Lębork,Lębork,
Łęczna,Łęczna,
Łęczyca,Łęczyca,
Łęczyce,Łęczyce,
Lednica Górna,Lednica Górna,
Lędziny,Lędziny,
Lega,Lega,
Łęgajny,Łęgajny,
Łęgi,Łęgi,
Legionowo,Legionowo,
Legnica,Legnica,
Legnickie Pole,Legnickie Pole,
Łęgowo,Łęgowo,
Łęka Opatowska,Łęka Opatowska,
Łęknica,Łęknica,
Łekno,Łekno,
Łękno,Łękno,
Lemierzyce,Lemierzyce,
Lenarty,Lenarty,
Leonów,Leonów,
Lesięcin,Lesięcin,
Lesko,Lesko,
Leśmierz,Leśmierz,
Leśna,Leśna,
Leśnia,Leśnia,
Leśnice,Leśnice,
Leśniewo,Leśniewo,
Leszkowice,Leszkowice,
Leszno,Leszno,
Leszno Górne,Leszno Górne,
Lesznowola,Lesznowola,
Łętowice,Łętowice,
Lewin Brzeski,Lewin Brzeski,
Lewin Kłodzki,Lewin Kłodzki,
Leżajsk,Leżajsk,
Libertów,Libertów,
Libiąż,Libiąż,
Libusza,Libusza,
Lichtajny,Lichtajny,
Lidzbark,Lidzbark,
Lidzbark Warmiński,Lidzbark Warmiński,
Ligota,Ligota,
Ligota Piękna,Ligota Piękna,
Ligota Polska,Ligota Polska,
Ligota Prószkowska,Ligota Prószkowska,
Ligota Wielka,Ligota Wielka,
Limanowa,Limanowa,
Linowo,Linowo,
Lipce,Lipce,
Lipiany,Lipiany,
Lipinki,Lipinki,
Lipinki Łużyckie,Lipinki Łużyckie,
Lipka,Lipka,
Lipki Wielkie,Lipki Wielkie,
Lipnik,Lipnik,
Lipno,Lipno,
Lipowa,Lipowa,
Lipsko,Lipsko,
Lisewo,Lisewo,
Lisewo Malborskie,Lisewo Malborskie,
Lisia Góra,Lisia Góra,
Lisięcice,Lisięcice,
Lisie Pole,Lisie Pole,
Lisowice,Lisowice,
Liszki,Liszki,
Liszkowo,Liszkowo,
Liszyno,Liszyno,
Łobez,Łobez,
Łobżenica,Łobżenica,
Łochów,Łochów,
Łochowo,Łochowo,
Łodygowice,Łodygowice,
Łódź,Łódź,
Łódź-Bałuty,Łódź-Bałuty,
Łódź-Górna,Łódź-Górna,
Łódź-Polesie,Łódź-Polesie,
Łódź-Śródmieście,Łódź-Śródmieście,
Łódź-Widzew,Łódź-Widzew,
Łomianki,Łomianki,
Łomianki Dolne,Łomianki Dolne,
Łomna-Las,Łomna-Las,
Łomnica,Łomnica,
Łomża,Łomża,
Łosice,Łosice,
Łosino,Łosino,
Łososina Dolna,Łososina Dolna,
Łowicz,Łowicz,
Łoziska,Łoziska,
Lubaczów,Lubaczów,
Lubań,Lubań,
Lubanowo,Lubanowo,
Lubartów,Lubartów,
Lubawa,Lubawa,
Lubawka,Lubawka,
Lubelska,Lubelska,
Łubiana,Łubiana,
Lubianka,Lubianka,
Lubiatów,Lubiatów,
Lubiąż,Lubiąż,
Lubichowo,Lubichowo,
Lubicz Dolny,Lubicz Dolny,
Lubicz Górny,Lubicz Górny,
Lubiechowo,Lubiechowo,
Lubiewo,Lubiewo,
Lubin,Lubin,
Lubiszyn,Lubiszyn,
Lublewo Gdańskie,Lublewo Gdańskie,
Lublin,Lublin,
Lubliniec,Lubliniec,
Lubniewice,Lubniewice,
Lubnów,Lubnów,
Lubochnia,Lubochnia,
Lubomierz,Lubomierz,
Lubomino,Lubomino,
Luboń,Luboń,
Lubonieczek,Lubonieczek,
Łubowo,Łubowo,
Lubraniec,Lubraniec,
Lubrza,Lubrza,
Lubsko,Lubsko,
Lubsza,Lubsza,
Lubycza Królewska,Lubycza Królewska,
Lucim,Lucim,
Ludwikowice Kłodzkie,Ludwikowice Kłodzkie,
Łukaszowice,Łukaszowice,
Łukęcin,Łukęcin,
Łuków,Łuków,
Łukowice,Łukowice,
Łukta,Łukta,
Łupowo,Łupowo,
Lusówko,Lusówko,
Lutom,Lutom,
Lutowiska,Lutowiska,
Lututów,Lututów,
Lutynia,Lutynia,
Luzino,Luzino,
Lwówek,Lwówek,
Lwówek Śląski,Lwówek Śląski,
Lwowiany,Lwowiany,
Lwowska,Lwowska,
Łysa Góra,Łysa Góra,
Machary,Machary,
Mączniki,Mączniki,
Magdalenka,Magdalenka,
Majdan,Majdan,
Majewo,Majewo,
Mąkoszyce,Mąkoszyce,
Maków Mazowiecki,Maków Mazowiecki,
Maków Podhalański,Maków Podhalański,
Maksymilianowo,Maksymilianowo,
Małaszewicze,Małaszewicze,
Malawa,Malawa,
Mała Wieś,Mała Wieś,
Malbork,Malbork,
Malczyce,Malczyce,
Małdyty,Małdyty,
Małe Walichnowy,Małe Walichnowy,
Małkinia Górna,Małkinia Górna,
Małżewo,Małżewo,
Manieczki,Manieczki,
Maniowy,Maniowy,
Manowo,Manowo,
Marcinkowice,Marcinkowice,
Marcinkowo,Marcinkowo,
Marcinowice,Marcinowice,
Marciszów,Marciszów,
Marczyce,Marczyce,
Margonin,Margonin,
Marianowo,Marianowo,
Marki,Marki,
Markowice,Markowice,
Marzęcino,Marzęcino,
Masłów,Masłów,
Masłowo,Masłowo,
Masłów Pierwszy,Masłów Pierwszy,
Maszewo,Maszewo,
Maszewo Lęborskie,Maszewo Lęborskie,
Mątowskie Pastwiska,Mątowskie Pastwiska,
Maziarnia Strzelecka,Maziarnia Strzelecka,
Mazurowice,Mazurowice,
Mechelinki,Mechelinki,
Męcinka,Męcinka,
Mędłów,Mędłów,
Mianowice,Mianowice,
Miasteczko Śląskie,Miasteczko Śląskie,
Miastko,Miastko,
Michale,Michale,
Michalów,Michalów,
Michałów-Grabina,Michałów-Grabina,
Michałowice,Michałowice,
Michałowo,Michałowo,
Miechów,Miechów,
Miechowice,Miechowice,
Mieczkowo,Mieczkowo,
Miedziana Góra,Miedziana Góra,
Miedzichowo,Miedzichowo,
Międzybórz,Międzybórz,
Międzybrodzie Bialskie,Międzybrodzie Bialskie,
Międzychód,Międzychód,
Międzylesie,Międzylesie,
Międzyrzec Podlaski,Międzyrzec Podlaski,
Międzyrzecz,Międzyrzecz,
Międzyświeć,Międzyświeć,
Międzywodzie,Międzywodzie,
Międzyzdroje,Międzyzdroje,
Miejsce Piastowe,Miejsce Piastowe,
Miękinia,Miękinia,
Mielec,Mielec,
Mielęcin,Mielęcin,
Mielenko,Mielenko,
Mielno,Mielno,
Mierków,Mierków,
Mieroszów,Mieroszów,
Mieroszyno,Mieroszyno,
Mierzym,Mierzym,
Mierzyn,Mierzyn,
Mierzynko,Mierzynko,
Mieszałki,Mieszałki,
Mieszkowice,Mieszkowice,
Miętkie,Miętkie,
Mietków,Mietków,
Mietniów,Mietniów,
Mikołajki,Mikołajki,
Mikolin,Mikolin,
Mikołów,Mikołów,
Mikoszewo,Mikoszewo,
Mikówiec,Mikówiec,
Miłakowo,Miłakowo,
Milanówek,Milanówek,
Milicz,Milicz,
Miłki,Miłki,
Miłków,Miłków,
Miłkowice,Miłkowice,
Miłobądz,Miłobądz,
Miłogoszcz,Miłogoszcz,
Miłoradz,Miłoradz,
Miłosław,Miłosław,
Miłoszyce,Miłoszyce,
Mińsk Mazowiecki,Mińsk Mazowiecki,
Mirków,Mirków,
Mirkowice,Mirkowice,
Mirosławice,Mirosławice,
Mirosławiec,Mirosławiec,
Mirosławiec Górny,Mirosławiec Górny,
Mirostowice Dolne,Mirostowice Dolne,
Mirostowice Górne,Mirostowice Górne,
Mirsk,Mirsk,
Mistrzejowice,Mistrzejowice,
Mława,Mława,
Młoszowa,Młoszowa,
Młynary,Młynary,
Młyńska,Młyńska,
Mników,Mników,
Mochnaczka Niżna,Mochnaczka Niżna,
Mochowo,Mochowo,
Modliborzyce,Modliborzyce,
Modlnica,Modlnica,
Modlniczka,Modlniczka,
Modropole,Modropole,
Modrzyca,Modrzyca,
Mogielnica,Mogielnica,
Mogilany,Mogilany,
Mogilno,Mogilno,
Mójcza,Mójcza,
Mokajny,Mokajny,
Mokotów,Mokotów,
Mokrzyca Mała,Mokrzyca Mała,
Mońki,Mońki,
Moracz,Moracz,
Morąg,Morąg,
Moryń,Moryń,
Moście Błota,Moście Błota,
Mościenica,Mościenica,
Mosina,Mosina,
Motarzyno,Motarzyno,
Mrągowo,Mrągowo,
Mrocza,Mrocza,
Mroków,Mroków,
Mrowino,Mrowino,
Mrzeżyno,Mrzeżyno,
Mścice,Mścice,
Mściwojów,Mściwojów,
Mszczonów,Mszczonów,
Murów,Murów,
Murowana Goślina,Murowana Goślina,
Murzasichle,Murzasichle,
Murzynówko,Murzynówko,
Murzynowo,Murzynowo,
Murzynowo Leśne,Murzynowo Leśne,
Mydłów,Mydłów,
Mykanów,Mykanów,
Mysiadło,Mysiadło,
Mysłakowice,Mysłakowice,
Myślęcinek,Myślęcinek,
Myślenice,Myślenice,
Myślibórz,Myślibórz,
Mysłowice,Mysłowice,
Myszków,Myszków,
Naborów,Naborów,
Nadma,Nadma,
Nadole,Nadole,
Nadolice Wielkie,Nadolice Wielkie,
Nagawczyna,Nagawczyna,
Nagłowice,Nagłowice,
Nagradowice,Nagradowice,
Najmowo,Najmowo,
Nakło,Nakło,
Nakło nad Notecią,Nakło nad Notecią,
Nałęczów,Nałęczów,
Namysłów,Namysłów,
Narok,Narok,
Narol,Narol,
Nasielsk,Nasielsk,
Nasutowo,Nasutowo,
Naterki,Naterki,
Nędza,Nędza,
Nekla,Nekla,
Nętkowo,Nętkowo,
Nidzica,Nidzica,
Nieborowice,Nieborowice,
Niebyła,Niebyła,
Niechcice,Niechcice,
Niechlów,Niechlów,
Niechorze,Niechorze,
Niedalino,Niedalino,
Niedomice,Niedomice,
Niegolewo,Niegolewo,
Niegosławice,Niegosławice,
Nieledew,Nieledew,
Niemcz,Niemcz,
Niemcza,Niemcza,
Niemczyn,Niemczyn,
Niemica,Niemica,
Niemodlin,Niemodlin,
Niemstów,Niemstów,
Niepołomice,Niepołomice,
Nieporęt,Nieporęt,
Niepruszewo,Niepruszewo,
Nieszawa,Nieszawa,
Niewistka,Niewistka,
Niezabitów,Niezabitów,
Nieznany Bór,Nieznany Bór,
Nieżychowice,Nieżychowice,
Nipkowie,Nipkowie,
Nisko,Nisko,
Niskowa,Niskowa,
Niwiska,Niwiska,
Nochowo,Nochowo,
Nosówka,Nosówka,
Nowa Ruda,Nowa Ruda,
Nowa Sól,Nowa Sól,
Nowa Wieś,Nowa Wieś,
Nowęcin,Nowęcin,
Nowe Miasto,Nowe Miasto,
Nowiny,Nowiny,
Nowizna,Nowizna,
Nowodworce,Nowodworce,
Nowogard,Nowogard,
Nowogród Bobrzański,Nowogród Bobrzański,
Nowogrodziec,Nowogrodziec,
Nowy Dwór,Nowy Dwór,
Nowy Sącz,Nowy Sącz,
Nowy Targ,Nowy Targ,
Nurzec-Stacja,Nurzec-Stacja,
Nysa,Nysa,
Obodowo,Obodowo,
Obora,Obora,
Oborniki,Oborniki,
Oborniki Śląskie,Oborniki Śląskie,
Obory,Obory,
Obrowo,Obrowo,
Obrzycko,Obrzycko,
Obudno,Obudno,
Ochojno,Ochojno,
Ochota,Ochota,
Odolanów,Odolanów,
Ogonki,Ogonki,
Ogrodniki,Ogrodniki,
Ogrody,Ogrody,
Ojrzanowo,Ojrzanowo,
Okleśna,Okleśna,
Okmiany,Okmiany,
Okonek,Okonek,
Okonin,Okonin,
Okunica,Okunica,
Oława,Oława,
Ołdrzychowice Kłodzkie,Ołdrzychowice Kłodzkie,
Olecki,Olecki,
Olecko,Olecko,
Oleśnica,Oleśnica,
Olesno,Olesno,
Oleszna,Oleszna,
Olkusz,Olkusz,
Ołobok,Ołobok,
Olszanica,Olszanica,
Olsztyn,Olsztyn,
Olsztynek,Olsztynek,
Olszyna,Olszyna,
Olszyny,Olszyny,
Ołtarzew,Ołtarzew,
Opalenica,Opalenica,
Opatkowice,Opatkowice,
Opoczno,Opoczno,
Opole,Opole,
Opole Lubelskie,Opole Lubelskie,
Opolno-Zdrój,Opolno-Zdrój,
Orle,Orle,
Orłowo,Orłowo,
Orneta,Orneta,
Ornontowice,Ornontowice,
Orzesze,Orzesze,
Orzeszki,Orzeszki,
Orzeszkowo,Orzeszkowo,
Orzysz,Orzysz,
Osice,Osice,
Osie,Osie,
Osięciny,Osięciny,
Osieczany,Osieczany,
Osieczek,Osieczek,
Osiek,Osiek,
Osieki,Osieki,
Osiek nad Notecią,Osiek nad Notecią,
Osiekowo,Osiekowo,
Osielsko,Osielsko,
Osina,Osina,
Osina Wielka,Osina Wielka,
Osiny,Osiny,
Osłonin,Osłonin,
Ośno Lubuskie,Ośno Lubuskie,
Ostaszewo,Ostaszewo,
Ostróda,Ostróda,
Ostrołęka,Ostrołęka,
Ostrówek,Ostrówek,
Ostrowice,Ostrowice,
Ostrowiec Świętokrzyski,Ostrowiec Świętokrzyski,
Ostrowin,Ostrowin,
Ostrowite,Ostrowite,
Ostrów Mazowiecka,Ostrów Mazowiecka,
Ostrowo,Ostrowo,
Ostrów Wielkopolski,Ostrów Wielkopolski,
Ostrzeszów,Ostrzeszów,
Oświęcim,Oświęcim,
Otmuchów,Otmuchów,
Otrębusy,Otrębusy,
Otwock,Otwock,
Otwock Mały,Otwock Mały,
Owidz,Owidz,
Owińska,Owińska,
Ożarów,Ożarów,
Ożarów Mazowiecki,Ożarów Mazowiecki,
Ozimek,Ozimek,
Ozorków,Ozorków,
Pabianice,Pabianice,
Paczków,Paczków,
Paczkowo,Paczkowo,
Paczyna,Paczyna,
Pajęczno,Pajęczno,
Pakość,Pakość,
Pakosław,Pakosław,
Palędzie,Palędzie,
Pamiątkowo,Pamiątkowo,
Panasówka,Panasówka,
Paproć,Paproć,
Paprotnia,Paprotnia,
Parczew,Parczew,
Parwark,Parwark,
Parzęczew,Parzęczew,
Parzniew,Parzniew,
Pasłęk,Pasłęk,
Pass,Pass,
Pastwa,Pastwa,
Pasym,Pasym,
Paszowice,Paszowice,
Paterek,Paterek,
Pawłów,Pawłów,
Pawłowice,Pawłowice,
Pcim,Pcim,
Pęcław,Pęcław,
Pełczyce,Pełczyce,
Pelplin,Pelplin,
Pępowo,Pępowo,
Pętkowice,Pętkowice,
Pętkowo,Pętkowo,
Piaseczna Górka,Piaseczna Górka,
Piaseczno,Piaseczno,
Piasek,Piasek,
Piaski,Piaski,
Piastów,Piastów,
Piątek Wielki,Piątek Wielki,
Pichorowice,Pichorowice,
Piechanin,Piechanin,
Piechcin,Piechcin,
Piechowice,Piechowice,
Piecowice,Piecowice,
Piekary,Piekary,
Piekary Śląskie,Piekary Śląskie,
Pieńsk,Pieńsk,
Pierkunowo,Pierkunowo,
Pierściec,Pierściec,
Pieszków,Pieszków,
Pieszyce,Pieszyce,
Pietrzykowice,Pietrzykowice,
Piła,Piła,
Pilawa,Pilawa,
Piława,Piława,
Piława Górna,Piława Górna,
Pilchowice,Pilchowice,
Pilchowo,Pilchowo,
Pilski,Pilski,
Pińczów,Pińczów,
Pionki,Pionki,
Piotraszewo,Piotraszewo,
Piotrków Trybunalski,Piotrków Trybunalski,
Piotrowo Pierwsze,Piotrowo Pierwsze,
Pisanica,Pisanica,
Pisarzowice,Pisarzowice,
Piski,Piski,
Pisz,Pisz,
Piwniczna-Zdrój,Piwniczna-Zdrój,
Planty,Planty,
Pławno,Pławno,
Plebiscytowa,Plebiscytowa,
Pleśna,Pleśna,
Pleszew,Pleszew,
Plewiska,Plewiska,
Płochocin,Płochocin,
Płociczno-Tartak,Płociczno-Tartak,
Płock,Płock,
Płońsk,Płońsk,
Płoskie,Płoskie,
Płoty,Płoty,
Pniewy,Pniewy,
Pobiedna,Pobiedna,
Pobiedziska,Pobiedziska,
Pobierowo,Pobierowo,
Pocieszka,Pocieszka,
Poddębice,Poddębice,
Podegrodzie,Podegrodzie,
Podgórze,Podgórze,
Podgórzyn,Podgórzyn,
Podkomorki,Podkomorki,
Podkowa Leśna,Podkowa Leśna,
Podławki,Podławki,
Podlechy,Podlechy,
Podlesie Kościelne,Podlesie Kościelne,
Podleśne,Podleśne,
Podłęże,Podłęże,
Podolany,Podolany,
Podolszyn Nowy,Podolszyn Nowy,
Podrzeczna,Podrzeczna,
Podstolice,Podstolice,
Podwale,Podwale,
Podwiesk,Podwiesk,
Pogalewo Wielkie,Pogalewo Wielkie,
Pogórska Wola,Pogórska Wola,
Pogorszewo,Pogorszewo,
Pogorzała,Pogorzała,
Pogórze,Pogórze,
Pogorzela,Pogorzela,
Pogorzelica,Pogorzelica,
Pogwizdów,Pogwizdów,
Pogwizdów Nowy,Pogwizdów Nowy,
Polańczyk,Polańczyk,
Polanica-Zdrój,Polanica-Zdrój,
Połaniec,Połaniec,
Polanów,Polanów,
Polanowice,Polanowice,
Połażejewo,Połażejewo,
Połczyn-Zdrój,Połczyn-Zdrój,
Polesie,Polesie,
Police,Police,
Polkowice,Polkowice,
Polna,Polna,
Połom,Połom,
Polska,Polska,
Pomarzanowice,Pomarzanowice,
Pomiechówek,Pomiechówek,
Pomorska,Pomorska,
Pomyków,Pomyków,
Pomysk Wielki,Pomysk Wielki,
Poniatowa,Poniatowa,
Poniatowice,Poniatowice,
Poniec,Poniec,
Poniszowice,Poniszowice,
Popów,Popów,
Poprzeczna,Poprzeczna,
Porąbka,Porąbka,
Poraj,Poraj,
Porajów,Porajów,
Poręba,Poręba,
Porosiuki,Porosiuki,
Porosły,Porosły,
Posada,Posada,
Posadowice,Posadowice,
Posadowo,Posadowo,
Postomino,Postomino,
Potęgowo,Potęgowo,
Potulice,Potulice,
Poturzyn,Poturzyn,
Poznań,Poznań,
Poznań-Wilda,Poznań-Wilda,
Prabuty,Prabuty,
Prądnik Biały,Prądnik Biały,
Prądnik Czerwony,Prądnik Czerwony,
Praga-Północ,Praga-Północ,
Praga-Południe,Praga-Południe,
Praszka,Praszka,
Prawiedniki,Prawiedniki,
Próchnowo,Próchnowo,
Prochowice,Prochowice,
Promnice,Promnice,
Prosta,Prosta,
Prostki,Prostki,
Proszków,Proszków,
Prószków,Prószków,
Proszowice,Proszowice,
Prudnik,Prudnik,
Prusice,Prusice,
Pruszcz,Pruszcz,
Pruszcz Gdański,Pruszcz Gdański,
Pruszków,Pruszków,
Pruszowice,Pruszowice,
Przasnysz,Przasnysz,
Przebędowo,Przebędowo,
Przecław,Przecław,
Przeczno,Przeczno,
Przedbórz,Przedbórz,
Przejazdowo,Przejazdowo,
Przejęsław,Przejęsław,
Przelewice,Przelewice,
Przemęt,Przemęt,
Przemków,Przemków,
Przemyśl,Przemyśl,
Przemysłowa,Przemysłowa,
Przesieka,Przesieka,
Przewłoka,Przewłoka,
Przeworsk,Przeworsk,
Przeźmierowo,Przeźmierowo,
Przybiernów,Przybiernów,
Przybiernówko,Przybiernówko,
Przyborów,Przyborów,
Przyborówko,Przyborówko,
Przybyszewo,Przybyszewo,
Przygodzice,Przygodzice,
Przyjaźń,Przyjaźń,
Przyłogi,Przyłogi,
Przypki,Przypki,
Przytoczna,Przytoczna,
Przytok,Przytok,
Psarskie,Psarskie,
Psary,Psary,
Pszczew,Pszczew,
Pszczółki,Pszczółki,
Pszczyna,Pszczyna,
Pszów,Pszów,
Ptakowice,Ptakowice,
Ptasia,Ptasia,
Puck,Puck,
Puławy,Puławy,
Pułtusk,Pułtusk,
Pustelnik,Pustelnik,
Pustynia,Pustynia,
Puszczykowo,Puszczykowo,
Puszno Godowskie,Puszno Godowskie,
Pyrzyce,Pyrzyce,
Pyskowice,Pyskowice,
Pysznica,Pysznica,
Rąbień,Rąbień,
Rąbiń,Rąbiń,
Rabka-Zdrój,Rabka-Zdrój,
Rąblów,Rąblów,
Rabowice,Rabowice,
Raciborowice,Raciborowice,
Raciborowice Górne,Raciborowice Górne,
Racibórz,Racibórz,
Raciechowice,Raciechowice,
Raciniewo,Raciniewo,
Rączna,Rączna,
Radachów,Radachów,
Radacz,Radacz,
Radakowice,Radakowice,
Radęcin,Radęcin,
Radków,Radków,
Radlin,Radlin,
Radłów,Radłów,
Radłowo,Radłowo,
Radom,Radom,
Radomierzyce,Radomierzyce,
Radomin,Radomin,
Radomsko,Radomsko,
Radomyśl,Radomyśl,
Radomyśl Wielki,Radomyśl Wielki,
Radoszyn,Radoszyn,
Radowo Małe,Radowo Małe,
Radunica,Radunica,
Radwanice,Radwanice,
Radymno,Radymno,
Radzewo,Radzewo,
Radziejów,Radziejów,
Radziemice,Radziemice,
Radzim,Radzim,
Radzionków,Radzionków,
Radzymin,Radzymin,
Radzyń,Radzyń,
Radzyń Chełmiński,Radzyń Chełmiński,
Radzyń Podlaski,Radzyń Podlaski,
Radzyny,Radzyny,
Rajgród,Rajgród,
Rajkowo,Rajkowo,
Rakoniewice,Rakoniewice,
Ramiszów,Ramiszów,
Rarwino,Rarwino,
Raszewy,Raszewy,
Raszków,Raszków,
Raszów,Raszów,
Raszowa,Raszowa,
Ratowice,Ratowice,
Rawa Mazowiecka,Rawa Mazowiecka,
Rawicz,Rawicz,
Recz,Recz,
Ręczyn,Ręczyn,
Reda,Reda,
Redzikowo,Redzikowo,
Regielnica,Regielnica,
Reguły,Reguły,
Rejowiec,Rejowiec,
Rejowiec Fabryczny,Rejowiec Fabryczny,
Rekcin,Rekcin,
Rekowo Górne,Rekowo Górne,
Resko,Resko,
Reszel,Reszel,
Rewa,Rewa,
Rewal,Rewal,
Robakowo,Robakowo,
Rogaszyce,Rogaszyce,
Rogowo,Rogowo,
Rogowszczyzna,Rogowszczyzna,
Rogoźno,Rogoźno,
Rogóźno,Rogóźno,
Rogóźno-Zamek,Rogóźno-Zamek,
Rojewo,Rojewo,
Rokietnica,Rokietnica,
Rokitki,Rokitki,
Rokitnica,Rokitnica,
Rokitno Szlacheckie,Rokitno Szlacheckie,
Ropczyce,Ropczyce,
Rościsławice,Rościsławice,
Rosnowo,Rosnowo,
Rotmanka,Rotmanka,
Rowy,Rowy,
Różanka,Różanka,
Różanki,Różanki,
Rozbark,Rozbark,
Rozewie,Rozewie,
Rozłogi,Rozłogi,
Rozmierka,Rozmierka,
Rożno-Parcele,Rożno-Parcele,
Rożnowo Nowogardzkie,Rożnowo Nowogardzkie,
Roztoki,Roztoki,
Ruciane-Nida,Ruciane-Nida,
Ruczaj,Ruczaj,
Ruda,Ruda,
Ruda Śląska,Ruda Śląska,
Rudna Mała,Rudna Mała,
Rudna Wielka,Rudna Wielka,
Rudniczysko,Rudniczysko,
Rudnik,Rudnik,
Rudziniec,Rudziniec,
Ruja,Ruja,
Rumia,Rumia,
Rumianek,Rumianek,
Rumoka,Rumoka,
Rumsko,Rumsko,
Runowo Krajeńskie,Runowo Krajeńskie,
Rurzyca,Rurzyca,
Rusiec,Rusiec,
Rusinowo,Rusinowo,
Ruszów,Ruszów,
Ruszowice,Ruszowice,
Rutki,Rutki,
Rybaki,Rybaki,
Rybarzowice,Rybarzowice,
Rybin,Rybin,
Rybnica,Rybnica,
Rybnik,Rybnik,
Rybno Wielkie,Rybno Wielkie,
Rycerzewko,Rycerzewko,
Rychowo,Rychowo,
Rychtal,Rychtal,
Ryczywół,Ryczywół,
Rydułtowy,Rydułtowy,
Rydzewo,Rydzewo,
Rydzyna,Rydzyna,
Ryjewo,Ryjewo,
Ryki,Ryki,
Ryn,Ryn,
Rynia,Rynia,
Rypin,Rypin,
Rząska,Rząska,
Rzepin,Rzepin,
Rzepkowo,Rzepkowo,
Rzeplino,Rzeplino,
Rzeszotary,Rzeszotary,
Rzeszów,Rzeszów,
Rzgów,Rzgów,
Rzyszczewo,Rzyszczewo,
Sadki,Sadki,
Sadowice,Sadowice,
Salno,Salno,
Samborowo,Samborowo,
Sandomierska,Sandomierska,
Sandomierz,Sandomierz,
Sanok,Sanok,
Sapowice,Sapowice,
Sarbinowo,Sarbinowo,
Sarnice,Sarnice,
Sartowice,Sartowice,
Sasek Wielki,Sasek Wielki,
Ścinawa,Ścinawa,
Ścinawka Dolna,Ścinawka Dolna,
Ścinawka Średnia,Ścinawka Średnia,
Sędzice,Sędzice,
Sędziszów Małopolski,Sędziszów Małopolski,
Sejny,Sejny,
Sępólno Krajeńskie,Sępólno Krajeńskie,
Serby,Serby,
Serock,Serock,
Sianów,Sianów,
Sianożęty,Sianożęty,
Sicienko,Sicienko,
Siechnice,Siechnice,
Sieciemin,Sieciemin,
Siedlce,Siedlce,
Siedlec,Siedlec,
Siedlice,Siedlice,
Siedlisko,Siedlisko,
Siekierki Wielkie,Siekierki Wielkie,
Sielpia Wielka,Sielpia Wielka,
Siemianice,Siemianice,
Siemianowice Śląskie,Siemianowice Śląskie,
Siemiatycze,Siemiatycze,
Siemyśl,Siemyśl,
Sieniawa,Sieniawa,
Sienna,Sienna,
Siennica Nadolna,Siennica Nadolna,
Sieradz,Sieradz,
Sieradza,Sieradza,
Sieraków,Sieraków,
Sierakowice,Sierakowice,
Sierniki,Sierniki,
Sierosław,Sierosław,
Sierpc,Sierpc,
Siewierz,Siewierz,
Sigajny,Sigajny,
Siła,Siła,
Silnowo,Silnowo,
Sitno,Sitno,
Skała,Skała,
Skalbmierz,Skalbmierz,
Skalin,Skalin,
Skalmierzyce,Skalmierzyce,
Skarbimierzyce,Skarbimierzyce,
Skarszewy,Skarszewy,
Skarżysko-Kamienna,Skarżysko-Kamienna,
Skawina,Skawina,
Skawinki,Skawinki,
Skęczniew,Skęczniew,
Skępe,Skępe,
Skibice,Skibice,
Skierniewice,Skierniewice,
Skoczów,Skoczów,
Skoki,Skoki,
Skoraczewo,Skoraczewo,
Skórcz,Skórcz,
Skórka,Skórka,
Skoroszów,Skoroszów,
Skoroszowice,Skoroszowice,
Skórzewo,Skórzewo,
Skotniki,Skotniki,
Skrzynki,Skrzynki,
Skwierzyna,Skwierzyna,
Sława,Sława,
Sławianowo,Sławianowo,
Sławniowice,Sławniowice,
Sławno,Sławno,
Śledziejowice,Śledziejowice,
Ślesin,Ślesin,
Śliwniki,Śliwniki,
Śliwno,Śliwno,
Słomin,Słomin,
Słomniki,Słomniki,
Słonawy,Słonawy,
Słonecznik,Słonecznik,
Słońsk,Słońsk,
Słosinko,Słosinko,
Słoszewy,Słoszewy,
Słowik,Słowik,
Słubice,Słubice,
Słudwia,Słudwia,
Słupca,Słupca,
Słupno,Słupno,
Słupsk,Słupsk,
Słupy,Słupy,
Smardy Dolne,Smardy Dolne,
Smardzewice,Smardzewice,
Smardzewo,Smardzewo,
Smęcino,Smęcino,
Śmigiel,Śmigiel,
Smogulecka Wieś,Smogulecka Wieś,
Smolec,Smolec,
Smolna,Smolna,
Snopków,Snopków,
Snowidza,Snowidza,
Sobienie-Jeziory,Sobienie-Jeziory,
Sobienie Szlacheckie,Sobienie Szlacheckie,
Sobota,Sobota,
Sobótka,Sobótka,
Sochaczew,Sochaczew,
Sokółka,Sokółka,
Sokolniki,Sokolniki,
Sokołowice,Sokołowice,
Sokołowo Budzyńskie,Sokołowo Budzyńskie,
Sokołów Podlaski,Sokołów Podlaski,
Sokołowsko,Sokołowsko,
Solarnia,Solarnia,
Solec,Solec,
Solec Kujawski,Solec Kujawski,
Solec-Zdrój,Solec-Zdrój,
Somonino,Somonino,
Sompolno,Sompolno,
Sopot,Sopot,
Sorkwity,Sorkwity,
Sośnicowice,Sośnicowice,
Sosnowa,Sosnowa,
Sosnowiec,Sosnowiec,
Sosnówka,Sosnówka,
Spała,Spała,
Spalice,Spalice,
Spiczyn,Spiczyn,
Spławie,Spławie,
Srebrna,Srebrna,
Srebrna Góra,Srebrna Góra,
Srebrzyszcze,Srebrzyszcze,
Śrem,Śrem,
Środa Śląska,Środa Śląska,
Środa Wielkopolska,Środa Wielkopolska,
Śródka,Śródka,
Śródmieście,Śródmieście,
Stalowa Wola,Stalowa Wola,
Stanisławice,Stanisławice,
Stanisławie,Stanisławie,
Staniszów,Staniszów,
Stanomino,Stanomino,
Stanowice,Stanowice,
Stanowo,Stanowo,
Stąporków,Stąporków,
Starachowice,Starachowice,
Stara Dąbrowa,Stara Dąbrowa,
Stara Iwiczna,Stara Iwiczna,
Stara Kamienica,Stara Kamienica,
Stara Kościelnica,Stara Kościelnica,
Stara Wieś,Stara Wieś,
Starczówek,Starczówek,
Stare Babice,Stare Babice,
Stare Bielice,Stare Bielice,
Stare Bogaczowice,Stare Bogaczowice,
Stare Bojanowo,Stare Bojanowo,
Stare Czarnowo,Stare Czarnowo,
Stare Jabłonki,Stare Jabłonki,
Stare Olesno,Stare Olesno,
Stare Pole,Stare Pole,
Stare Polesie,Stare Polesie,
Stare Polichno,Stare Polichno,
Stare Strącze,Stare Strącze,
Stargard,Stargard,
Starogard,Starogard,
Starogard Gdański,Starogard Gdański,
Stary Dybów,Stary Dybów,
Stary Gołębin,Stary Gołębin,
Stary Grodków,Stary Grodków,
Stary Jaworów,Stary Jaworów,
Stary Targ,Stary Targ,
Stary Wołów,Stary Wołów,
Stary Żagań,Stary Żagań,
Stary Zagór,Stary Zagór,
Staszów,Staszów,
Staszyce,Staszyce,
Stawiguda,Stawiguda,
Stefanówka,Stefanówka,
Stegna,Stegna,
Stelmachowo,Stelmachowo,
Stepień,Stepień,
Stepnica,Stepnica,
Stęszew,Stęszew,
Stężyca,Stężyca,
Stobno,Stobno,
Stodólska,Stodólska,
Stojadła,Stojadła,
Storkówko,Storkówko,
Stoszowice,Stoszowice,
Stoszyce,Stoszyce,
Straduny,Straduny,
Straszyn,Straszyn,
Stronie Śląskie,Stronie Śląskie,
Strumień,Strumień,
Stryków,Stryków,
Strykowo,Strykowo,
Strzałkowo,Strzałkowo,
Strzebielino,Strzebielino,
Strzegom,Strzegom,
Strzekęcino,Strzekęcino,
Strzelce,Strzelce,
Strzelce Krajeńskie,Strzelce Krajeńskie,
Strzelce Opolskie,Strzelce Opolskie,
Strzelczyn,Strzelczyn,
Strzelęcino,Strzelęcino,
Strzelin,Strzelin,
Strzelino,Strzelino,
Strzelno,Strzelno,
Strzeszów,Strzeszów,
Strzeżenice,Strzeżenice,
Strzykuły,Strzykuły,
Stuchowo,Stuchowo,
Studzienice,Studzienice,
Stypułów,Stypułów,
Sucha Beskidzka,Sucha Beskidzka,
Suchań,Suchań,
Suchedniów,Suchedniów,
Suchy Dąb,Suchy Dąb,
Suchy Dwór,Suchy Dwór,
Suchy Las,Suchy Las,
Sulechów,Sulechów,
Sulęcin,Sulęcin,
Sulejów,Sulejów,
Sulejówek,Sulejówek,
Sulików,Sulików,
Sulikowo,Sulikowo,
Sulisławice,Sulisławice,
Suliszewo,Suliszewo,
Sułkowice,Sułkowice,
Sułkowo,Sułkowo,
Sulnowo,Sulnowo,
Sułów,Sułów,
Supraśl,Supraśl,
Suszec,Suszec,
Suszki,Suszki,
Suwałki,Suwałki,
Swarzędz,Swarzędz,
Swarzewo,Swarzewo,
Świątniki,Świątniki,
Świdnica,Świdnica,
Świdnik,Świdnik,
Świdwin,Świdwin,
Świebodzice,Świebodzice,
Świebodzin,Świebodzin,
Świecie,Świecie,
Święciechów,Święciechów,
Święciechowa,Święciechowa,
Świedziebnia,Świedziebnia,
Świeradów-Zdrój,Świeradów-Zdrój,
Świerklaniec,Świerklaniec,
Świerklany,Świerklany,
Świerzawa,Świerzawa,
Świerże Górne,Świerże Górne,
Świerzno,Świerzno,
Świeszyno,Świeszyno,
Święta Katarzyna,Święta Katarzyna,
Świętochłowice,Świętochłowice,
Świętoszów,Świętoszów,
Świlcza,Świlcza,
Świniarsko,Świniarsko,
Świniary Wielkie,Świniary Wielkie,
Świnoujście,Świnoujście,
Swoszowice,Swoszowice,
Sychowo,Sychowo,
Syców,Syców,
Szafarnia,Szafarnia,
Szaflary,Szaflary,
Szafranki,Szafranki,
Szałwinek,Szałwinek,
Szamocin,Szamocin,
Szamotuły,Szamotuły,
Szczaniec,Szczaniec,
Szczawne,Szczawne,
Szczawnica,Szczawnica,
Szczawno-Zdrój,Szczawno-Zdrój,
Szczecin,Szczecin,
Szczecinek,Szczecinek,
Szczekociny,Szczekociny,
Szczepańcowa,Szczepańcowa,
Szczodre,Szczodre,
Szczucin,Szczucin,
Szczyrk,Szczyrk,
Szczytna,Szczytna,
Szczytnica,Szczytnica,
Szczytniki,Szczytniki,
Szczytno,Szczytno,
Szelejewo Drugie,Szelejewo Drugie,
Szemielino,Szemielino,
Szemud,Szemud,
Szepietowo,Szepietowo,
Szerokie,Szerokie,
Szestno,Szestno,
Szewce,Szewce,
Szklarka Radnicka,Szklarka Radnicka,
Szklarka Śląska,Szklarka Śląska,
Szklarska Poręba,Szklarska Poręba,
Szklary Dolne,Szklary Dolne,
Szkolna,Szkolna,
Szlachtowa,Szlachtowa,
Szlak,Szlak,
Szlichtyngowa,Szlichtyngowa,
Szpitalna,Szpitalna,
Szprotawa,Szprotawa,
Sztum,Sztum,
Sztutowo,Sztutowo,
Szubin,Szubin,
Szudziałowo,Szudziałowo,
Szydłowiec,Szydłowiec,
Szymanów,Szymanów,
Tajęcina,Tajęcina,
Tarczyn,Tarczyn,
Targówek,Targówek,
Targowisko,Targowisko,
Tarnobrzeg,Tarnobrzeg,
Tarnów,Tarnów,
Tarnowiec,Tarnowiec,
Tarnowo Podgórne,Tarnowo Podgórne,
Tarnowskie Góry,Tarnowskie Góry,
Tczew,Tczew,
Tczewskie Łąki,Tczewskie Łąki,
Teklinów,Teklinów,
Terespol,Terespol,
Tłuszcz,Tłuszcz,
Tokary,Tokary,
Tolkmicko,Tolkmicko,
Tomaszkowo,Tomaszkowo,
Tomaszów Bolesławiecki,Tomaszów Bolesławiecki,
Tomaszowice,Tomaszowice,
Tomaszów Lubelski,Tomaszów Lubelski,
Tomaszów Mazowiecki,Tomaszów Mazowiecki,
Tomaszowo,Tomaszowo,
Topólka,Topólka,
Topolno Wielkie,Topolno Wielkie,
Toruń,Toruń,
Torzym,Torzym,
Trąbki Wielkie,Trąbki Wielkie,
Trachy,Trachy,
Trankwice,Trankwice,
Trepcza,Trepcza,
Tresna,Tresna,
Tryszczyn,Tryszczyn,
Trzaski,Trzaski,
Trzcianka,Trzcianka,
Trzcianki,Trzcianki,
Trzciel,Trzciel,
Trzciniec,Trzciniec,
Trzcińsko-Zdrój,Trzcińsko-Zdrój,
Trzebaw,Trzebaw,
Trzebiatów,Trzebiatów,
Trzebiec,Trzebiec,
Trzebiel,Trzebiel,
Trzebiele,Trzebiele,
Trzebieszyno,Trzebieszyno,
Trzebinia,Trzebinia,
Trzebnica,Trzebnica,
Trzebosz,Trzebosz,
Trzebownisko,Trzebownisko,
Trzemeszno,Trzemeszno,
Trzęsacz,Trzęsacz,
Trześniów,Trześniów,
Tuchola,Tuchola,
Tuchów,Tuchów,
Tuczno,Tuczno,
Tulce,Tulce,
Tułowice,Tułowice,
Tupadły,Tupadły,
Tuplice,Tuplice,
Tur,Tur,
Turawa,Turawa,
Turek,Turek,
Turka,Turka,
Turowo,Turowo,
Tursko,Tursko,
Turzno,Turzno,
Tuszyn,Tuszyn,
Twardogóra,Twardogóra,
Tworóg,Tworóg,
Tychowo,Tychowo,
Tychy,Tychy,
Tyczyn,Tyczyn,
Tykocin,Tykocin,
Tylice,Tylice,
Tymień,Tymień,
Tyniec Legnicki,Tyniec Legnicki,
Tyniec Mały,Tyniec Mały,
Uchorowo,Uchorowo,
Udanin,Udanin,
Ujazdowo,Ujazdowo,
Ujsoły,Ujsoły,
Ulhówek,Ulhówek,
Ulikowo,Ulikowo,
Ulim,Ulim,
Uniejów,Uniejów,
Uniemino,Uniemino,
Unieście,Unieście,
Unieszewo,Unieszewo,
Unin,Unin,
Unisław,Unisław,
Ursus,Ursus,
Ursynów,Ursynów,
Ustka,Ustka,
Ustowo,Ustowo,
Ustroń,Ustroń,
Ustronie Morskie,Ustronie Morskie,
Ustrzyki Dolne,Ustrzyki Dolne,
Wabcz,Wabcz,
Wąbrzeźno,Wąbrzeźno,
Wadąg,Wadąg,
Wadowice,Wadowice,
Wądroże Wielkie,Wądroże Wielkie,
Wagowa,Wagowa,
Wągrowiec,Wągrowiec,
Wałbrzych,Wałbrzych,
Wałcz,Wałcz,
Wałdowo,Wałdowo,
Walendów,Walendów,
Walim,Walim,
Wambierzyce,Wambierzyce,
Wapnica,Wapnica,
Wardyń,Wardyń,
Warka,Warka,
Warnino,Warnino,
Warszawa,Warszawa,
Warszawska,Warszawska,
Warszkowo,Warszkowo,
Warta,Warta,
Warta Bolesławiecka,Warta Bolesławiecka,
Warzymice,Warzymice,
Wasilków,Wasilków,
Wąsosz,Wąsosz,
Wasylów Wielki,Wasylów Wielki,
Wawer,Wawer,
Wawrów,Wawrów,
Wawrzeńczyce,Wawrzeńczyce,
Wędrzyn,Wędrzyn,
Węgierska Górka,Węgierska Górka,
Węgierskie,Węgierskie,
Węglewice,Węglewice,
Węgliniec,Węgliniec,
Węgorzewo,Węgorzewo,
Węgorzewo Koszalińskie,Węgorzewo Koszalińskie,
Węgorzyce,Węgorzyce,
Węgorzyno,Węgorzyno,
Węgrów,Węgrów,
Węgrzce,Węgrzce,
Węgrzce Wielkie,Węgrzce Wielkie,
Wejherowo,Wejherowo,
Wełna,Wełna,
Wesoła,Wesoła,
Westerplatte,Westerplatte,
Wiadrów,Wiadrów,
Wiatraczna,Wiatraczna,
Wiatrowo,Wiatrowo,
Wiązów,Wiązów,
Wichów,Wichów,
Widna,Widna,
Widok,Widok,
Widzew,Widzew,
Widzieńsko,Widzieńsko,
Widzino,Widzino,
Więcbork,Więcbork,
Wiejska,Wiejska,
Wiekowice,Wiekowice,
Wiekowo,Wiekowo,
Większyce,Większyce,
Wieleń,Wieleń,
Wielichowo,Wielichowo,
Wielichowo-Wieś,Wielichowo-Wieś,
Wieliczka,Wieliczka,
Wieliszew,Wieliszew,
Wielka Wieś,Wielka Wieś,
Wielkie Lniska,Wielkie Lniska,
Wielki Kack,Wielki Kack,
Wielki Klincz,Wielki Klincz,
Wielkopolska,Wielkopolska,
Wielowieś,Wielowieś,
Wieluń,Wieluń,
Wieruszów,Wieruszów,
Wierzbica,Wierzbica,
Wierzbowa,Wierzbowa,
Wierzchowie,Wierzchowie,
Wierzchowiny,Wierzchowiny,
Wierzchowisko,Wierzchowisko,
Wierzchownia,Wierzchownia,
Wierzchowo,Wierzchowo,
Wierzchowo-Dworzec,Wierzchowo-Dworzec,
Wierzchucin Królewski,Wierzchucin Królewski,
Wieściszowice,Wieściszowice,
Wilanów,Wilanów,
Wilczeniec Fabiański,Wilczeniec Fabiański,
Wilczyce,Wilczyce,
Wilczyna,Wilczyna,
Wilenko,Wilenko,
Wilkasy,Wilkasy,
Wilków,Wilków,
Wilkowice,Wilkowice,
Wilkszyn,Wilkszyn,
Wińsko,Wińsko,
Wiry,Wiry,
Wisełka,Wisełka,
Wiskitki,Wiskitki,
Wisła,Wisła,
Wiślinka,Wiślinka,
Wiśniowa Góra,Wiśniowa Góra,
Wiśniówek,Wiśniówek,
Wiśniówka,Wiśniówka,
Wisznia Mała,Wisznia Mała,
Witaszyce,Witaszyce,
Witkowo,Witkowo,
Witnica,Witnica,
Witosław,Witosław,
Wituchowo,Wituchowo,
Władysławowo,Władysławowo,
Wleń,Wleń,
Wlewsk,Wlewsk,
Włochy,Włochy,
Włocławek,Włocławek,
Włodawa,Włodawa,
Włodowice,Włodowice,
Włosań,Włosań,
Włoszakowice,Włoszakowice,
Włoszczowa,Włoszczowa,
Włynkówko,Włynkówko,
Wocławy,Wocławy,
Wodzisław Śląski,Wodzisław Śląski,
Wojcieszów,Wojcieszów,
Wojcieszyce,Wojcieszyce,
Wojkowice,Wojkowice,
Wojnowice,Wojnowice,
Wola,Wola,
Wola Batorska,Wola Batorska,
Wola Kopcowa,Wola Kopcowa,
Wola Krakowiańska,Wola Krakowiańska,
Wola Mrokowska,Wola Mrokowska,
Wola Rzędzińska,Wola Rzędzińska,
Wola Skorzęcka,Wola Skorzęcka,
Wola Uhruska,Wola Uhruska,
Wolbrom,Wolbrom,
Wołczyn,Wołczyn,
Wolental,Wolental,
Wolin,Wolin,
Wólka Grodziska,Wólka Grodziska,
Wólka Kosowska,Wólka Kosowska,
Wólka Panieńska,Wólka Panieńska,
Wólka Podleśna,Wólka Podleśna,
Wólka Tarnowska,Wólka Tarnowska,
Wolkowo,Wolkowo,
Wołkowyja,Wołkowyja,
Wołomin,Wołomin,
Wołów,Wołów,
Wolsztyn,Wolsztyn,
Wonieść,Wonieść,
Wróblowice,Wróblowice,
Wrocław,Wrocław,
Wronki,Wronki,
Wrzosowo,Wrzosowo,
Wschodnia,Wschodnia,
Wschowa,Wschowa,
Wspólna,Wspólna,
Wyczechy,Wyczechy,
Wykosowo,Wykosowo,
Wymiarki,Wymiarki,
Wyry,Wyry,
Wyrzysk,Wyrzysk,
Wysiołek Luborzycki,Wysiołek Luborzycki,
Wyskoć,Wyskoć,
Wysogotowo,Wysogotowo,
Wysoka,Wysoka,
Wysoka Głogowska,Wysoka Głogowska,
Wysokie Mazowieckie,Wysokie Mazowieckie,
Występ,Występ,
Wyszki,Wyszki,
Wyszków,Wyszków,
Wyżegi,Wyżegi,
Zabawa,Zabawa,
Żabia Wola,Żabia Wola,
Zabierzów,Zabierzów,
Ząbki,Ząbki,
Ząbkowice Śląskie,Ząbkowice Śląskie,
Zabłocie,Zabłocie,
Zabłudów,Zabłudów,
Żabno,Żabno,
Zabór,Zabór,
Zaborówek,Zaborówek,
Żabów,Żabów,
Zabrodzie,Zabrodzie,
Zabrze,Zabrze,
Zacharzyce,Zacharzyce,
Zaczernie,Zaczernie,
Zadory,Zadory,
Zadzim,Zadzim,
Żagań,Żagań,
Zagórze,Zagórze,
Zagrody,Zagrody,
Zajączek,Zajączek,
Zajezierze,Zajezierze,
Zakopane,Zakopane,
Zakroczym,Zakroczym,
Zakrzewo,Zakrzewo,
Zalasewo,Zalasewo,
Zalbki,Zalbki,
Żalęcino,Żalęcino,
Zalesie,Zalesie,
Zambrów,Zambrów,
Zamienie,Zamienie,
Zamojska,Zamojska,
Zamość,Zamość,
Zaniemyśl,Zaniemyśl,
Zarańsko,Zarańsko,
Żarczyn,Żarczyn,
Żarnowska,Żarnowska,
Żarów,Żarów,
Żarska Wieś,Żarska Wieś,
Żary,Żary,
Zarzecze,Zarzecze,
Zaścianki,Zaścianki,
Zaskale,Zaskale,
Zaspy Wielkie,Zaspy Wielkie,
Zastań,Zastań,
Zasutowo,Zasutowo,
Zator,Zator,
Zawada,Zawada,
Zawadzka,Zawadzka,
Zawadzkie,Zawadzkie,
Zawidów,Zawidów,
Zawiercie,Zawiercie,
Zawiszów,Zawiszów,
Zawoja,Zawoja,
Zbąszyń,Zbąszyń,
Zbąszynek,Zbąszynek,
Zblewo,Zblewo,
Zbrodzice,Zbrodzice,
Zbrosławice,Zbrosławice,
Zbrudzewo,Zbrudzewo,
Zbylitowska Góra,Zbylitowska Góra,
Zdrada,Zdrada,
Zduńska Wola,Zduńska Wola,
Zdziechowice,Zdziechowice,
Zdzieszowice,Zdzieszowice,
Zębice,Zębice,
Zębowice,Zębowice,
Zebrzydowa,Zebrzydowa,
Zebrzydowice,Zebrzydowice,
Zegartowice,Zegartowice,
Zegrze,Zegrze,
Zegrze Południowe,Zegrze Południowe,
Żelazno,Żelazno,
Żelice,Żelice,
Żelichowo,Żelichowo,
Żelisławki,Żelisławki,
Żelistrzewo,Żelistrzewo,
Żerków,Żerków,
Żerkowice,Żerkowice,
Żerniki,Żerniki,
Żerniki Małe,Żerniki Małe,
Żerniki Wrocławskie,Żerniki Wrocławskie,
Zgierz,Zgierz,
Zgorzała,Zgorzała,
Zgorzelec,Zgorzelec,
Ziębice,Ziębice,
Zielęcice,Zielęcice,
Zieleń,Zieleń,
Zieleniec,Zieleniec,
Zieleniewo,Zieleniewo,
Zieliniec,Zieliniec,
Zielona,Zielona,
Zielona Góra,Zielona Góra,
Zielonka,Zielonka,
Zielonki,Zielonki,
Ziemomyśl A,Ziemomyśl A,
Zimnowoda,Zimnowoda,
Zimowiska,Zimowiska,
Zławieś Wielka,Zławieś Wielka,
Żłobizna,Żłobizna,
Złocieniec,Złocieniec,
Złotniki,Złotniki,
Złotoryja,Złotoryja,
Złotów,Złotów,
Złoty Stok,Złoty Stok,
Żmigród,Żmigród,
Żmudź,Żmudź,
Zmysłowo,Zmysłowo,
Żnin,Żnin,
Żoliborz,Żoliborz,
Żórawina,Żórawina,
Żoruchowo,Żoruchowo,
Żory,Żory,
Zrazim,Zrazim,
Żukowo,Żukowo,
Żurawiniec,Żurawiniec,
Żuromin,Żuromin,
Zwierzyniec,Zwierzyniec,
Zwoleń,Zwoleń,
Zwonowice,Zwonowice,
Żychlin,Żychlin,
Żydowo,Żydowo,
Zygmuntowo,Zygmuntowo,
Żyrardów,Żyrardów,
Żytkiejmy,Żytkiejmy,
Żytnia,Żytnia,
Żywiec,Żywiec,
